생산품,재료1,재료2,...
목재3,통나무10
목재+3,목재3,나무 진액4
상급 목재3,목재+3,상급 통나무15,나무 진액8
상급 목재+3,상급 목재4,상급 통나무+20,나무 진액12
부드러운 목재3,상급 목재+15,부드러운 통나무30,나무 진액30
단단한 목재3,상급 목재+15,단단한 통나무30,나무 진액30
최상급 목재3,상급 목재+5,최상급 통나무20,나무 진액16
최상급 목재+3,최상급 목재5,최상급 통나무+20,나무 진액20
구름결 막대5,부드러운 목재2,환영 가루30,변화의 핵50,사포10
특급 목재3,최상급 목재+5,특급 통나무20,나무 진액20
철괴3,광석20
철괴3,철 광석10
강철괴3,철괴3,석탄4
합금강괴3,강철괴3,동 광석15,석탄8
타르5,통나무50,점토25
특수강괴3,합금강괴4,백동 광석20,석탄12
은합금괴3,특수강괴5,은 광석20,석탄16
운철괴3,은합금괴5,운철 광석20,석탄20
백금강괴3,운철괴5,백금 광석20,석탄20
옷감3,양털10
실크2,거미줄10
옷감+3,옷감3,양털4
상급 옷감3,옷감+3,상급 양털15,양털8
두꺼운 옷감3,두꺼운 양털50,상급 양털100,밀랍2
상급 실크2,실크4,튼튼 버섯 진액8
튼튼한 밧줄3,밧줄6,식물 섬유90,밀랍8,타르3
최상급 옷감+3,최상급 옷감5,최상급 양털+20,양털20
특급 옷감3,최상급 옷감+5,특급 양털20,양털20
특급 실크2,최상급 실크4,특급 거미줄20,튼튼 버섯 진액20
새록 버섯 진액5,새록 버섯 포자10,물이 든 병1
튼튼 버섯 가루5,튼튼 버섯20
튼튼 버섯 진액5,튼튼 버섯 포자10,물이 든 병1
새록 버섯 포자15,새록 버섯30,종이3
튼튼 버섯 포자15,튼튼 버섯30,종이3
쑥쑥 버섯 포자15,쑥쑥 버섯30,종이3
쑥쑥 버섯 진액5,쑥쑥 버섯 포자10,물이 든 병1
아교5,상급 생가죽30,물이 든 병10
깔끔 버섯 포자15,깔끔 버섯30,종이3
깔끔 버섯 진액5,깔끔 버섯 포자10,물이 든 병1
마력 기폭제10,마력 깃든 돌50,마나 허브50,반짝이는 이끼25
생채기꽃 가루5,생채기꽃20
증폭 버섯 포자15,증폭 버섯30,종이3
증폭 버섯 진액5,증폭 버섯 포자10,물이 든 병1
진정초 가루5,진정초20
솔솔 버섯 포자15,솔솔 버섯30,종이3
솔솔 버섯 진액5,솔솔 버섯 포자10,물이 든 병1
환영 가루5,벼락 맞은 나뭇가지20,나비잠자리10
끈적 풀 가루5,끈적 풀20
산뜻 버섯 포자15,산뜻 버섯30,종이3
산뜻 버섯 진액5,산뜻 버섯 포자10,물이 든 병1
밧줄3,식물 섬유45,밀랍4
